CommonDutch,CommonEng,VowelCombDutch,VowelCombEng,StopwordsDutch,StopwordsEng,EndDutch,EndEng,Lang
1,0,0,0,0,1,1,0,0
1,0,1,0,0,0,1,0,0
0,0,0,0,0,1,0,0,0
0,0,0,0,0,0,1,0,0
1,0,0,0,0,0,0,0,0
1,0,0,0,0,0,1,0,0
0,0,0,0,0,1,1,0,0
1,0,1,1,0,1,0,0,0
1,0,0,0,0,1,1,0,0
1,0,0,0,0,0,1,0,0
1,0,0,0,0,1,1,0,0
0,0,0,0,0,0,0,0,0
1,0,0,0,0,1,0,0,0
1,0,0,0,0,0,1,0,0
1,0,0,0,0,1,1,0,0
1,0,1,0,0,1,0,0,0
1,0,0,0,0,1,0,0,0
1,0,0,0,0,1,0,0,0
1,0,0,0,0,1,0,0,0
1,0,0,0,0,1,0,0,0
1,0,0,0,0,0,0,0,0
1,0,0,0,0,1,1,0,0
0,0,0,0,0,1,1,0,0
1,0,0,0,0,1,1,0,0
1,0,0,0,0,0,1,0,0
1,0,0,0,0,1,0,0,0
1,0,0,0,0,1,0,0,0
0,0,0,0,0,0,1,0,0
1,1,0,0,0,1,1,0,0
1,0,0,0,0,0,0,0,0
1,0,0,0,0,1,1,0,0
1,1,0,0,0,1,1,0,0
1,0,0,0,0,1,0,0,0
1,0,0,0,0,0,0,0,0
1,0,0,0,0,0,1,0,0
1,0,0,0,0,0,0,0,0
1,0,0,0,0,1,0,0,0
1,0,0,0,0,0,1,0,0
1,0,0,0,0,1,1,0,0
1,0,0,0,0,0,0,0,0
1,0,0,0,0,1,0,0,0
1,0,0,0,0,0,0,0,0
1,0,0,0,0,1,0,0,0
0,0,0,0,0,1,1,0,0
1,0,0,0,0,1,0,0,0
1,0,0,0,0,1,0,0,0
1,0,0,0,0,1,0,0,0
1,0,1,0,0,0,1,0,0
1,0,0,0,0,0,1,0,0
1,0,0,0,0,1,0,0,0
1,0,0,0,0,1,1,0,0
1,0,0,0,0,0,1,0,0
1,0,1,0,0,1,1,0,0
1,0,0,0,0,1,0,0,0
1,0,0,0,0,1,1,0,0
1,0,0,0,0,1,0,0,0
0,0,0,0,0,1,1,0,0
1,0,0,0,0,1,0,0,0
1,0,0,0,0,0,0,0,0
1,0,0,0,0,1,1,0,0
1,0,0,0,0,1,1,0,0
0,0,0,0,0,1,0,0,0
1,0,0,0,0,1,1,0,0
1,0,0,0,0,1,0,0,0
1,0,0,0,0,1,1,0,0
1,0,0,0,0,1,1,0,0
0,0,0,0,0,1,1,0,0
1,0,0,0,0,1,0,0,0
1,0,0,0,0,1,0,0,0
1,0,0,0,0,1,0,0,0
1,0,0,0,0,0,1,0,0
1,0,0,0,0,1,0,0,0
1,0,0,0,0,1,0,0,0
1,0,0,0,0,1,0,0,0
0,0,0,0,0,1,1,0,0
0,0,0,0,0,1,1,0,0
1,0,1,1,0,0,0,0,0
1,0,0,0,0,1,0,0,0
0,0,0,0,0,1,0,0,0
1,0,0,1,0,1,0,0,0
1,1,0,0,0,1,1,0,0
1,0,0,0,0,1,0,0,0
1,0,0,0,0,1,1,0,0
1,0,0,1,0,1,1,0,0
0,1,0,0,0,1,1,0,0
1,0,0,0,0,0,0,0,0
0,0,0,0,0,1,0,0,0
1,0,0,0,0,0,1,0,0
1,0,0,0,0,1,0,0,0
1,0,0,0,0,1,1,0,0
1,1,0,0,0,0,0,0,0
1,0,0,0,0,0,0,0,0
1,0,0,0,0,0,0,0,0
1,0,0,0,0,1,0,0,0
1,0,0,0,0,1,1,0,0
1,1,1,0,0,1,0,0,0
1,1,0,0,0,0,0,0,0
1,0,0,0,0,0,0,0,0
0,0,0,0,0,1,0,0,0
1,0,0,0,0,0,0,0,0
1,0,0,0,0,1,0,0,0
1,0,0,0,0,0,1,0,0
1,0,0,0,0,0,0,0,0
1,0,1,0,0,0,0,0,0
1,0,0,0,0,1,0,0,0
1,0,1,0,0,1,1,0,0
1,0,0,0,0,1,0,0,0
1,0,0,0,0,1,1,0,0
1,0,0,0,0,1,1,0,0
1,0,0,0,0,1,0,0,0
0,0,0,0,0,0,0,0,0
1,0,0,0,0,1,0,0,0
1,0,0,0,0,1,0,0,0
1,0,0,0,0,0,1,0,0
1,0,0,0,0,0,0,0,0
1,0,0,0,0,1,0,0,0
1,0,0,0,0,0,0,0,0
0,0,0,0,0,1,0,0,0
1,0,0,0,0,1,1,0,0
1,0,0,0,0,0,0,0,0
1,0,0,0,0,1,1,0,0
1,0,0,0,0,1,1,0,0
1,0,0,0,0,1,1,0,0
1,0,0,0,0,1,0,0,0
1,0,0,0,0,1,1,0,0
0,0,0,0,0,1,0,0,0
1,0,0,0,0,0,0,0,0
1,0,0,0,0,1,0,0,0
1,0,0,0,0,0,0,0,0
1,0,0,0,0,1,0,0,0
1,0,0,0,0,1,1,0,0
1,0,0,0,0,1,1,0,0
0,0,0,0,0,1,1,0,0
0,0,0,0,0,0,1,0,0
0,0,0,0,0,0,0,0,0
1,0,0,0,0,0,0,0,0
1,0,0,0,0,0,0,0,0
1,0,0,0,0,1,0,0,0
0,0,0,0,0,1,0,0,0
1,1,1,1,0,1,0,0,0
1,0,0,0,0,1,1,0,0
0,0,0,0,0,1,0,0,0
1,1,0,0,0,1,1,0,0
1,0,0,0,0,1,1,0,0
1,0,0,0,0,0,0,0,0
1,0,0,0,0,1,0,0,0
1,0,0,0,0,0,0,0,0
1,0,0,0,0,1,0,0,0
1,0,0,0,0,1,0,0,0
1,0,0,0,0,0,0,0,0
1,0,0,0,0,1,0,0,0
0,0,0,0,0,1,1,0,0
1,0,0,0,0,1,0,0,0
1,0,0,0,0,0,0,0,0
0,0,0,0,0,1,1,0,0
1,0,0,0,0,1,0,0,0
1,0,0,0,0,1,0,0,0
1,0,0,0,0,1,1,0,0
1,1,0,0,0,1,0,0,0
1,1,0,0,0,1,0,0,0
1,0,0,0,0,0,0,0,0
1,1,0,0,0,0,1,0,0
0,0,0,0,0,1,1,0,0
1,0,0,0,0,1,1,0,0
0,0,0,0,0,0,0,0,0
1,0,1,0,0,1,1,0,0
1,0,0,0,0,0,0,0,0
0,0,0,0,0,1,0,0,0
1,0,0,0,0,1,1,0,0
1,0,0,0,0,1,0,0,0
1,0,0,0,0,1,0,0,0
1,1,0,0,0,1,0,0,0
1,0,0,0,0,1,0,0,0
1,0,0,0,0,0,0,0,0
1,0,0,0,0,1,0,0,0
0,1,0,0,0,1,1,0,0
0,1,0,0,0,1,1,0,0
1,0,0,0,0,0,0,0,0
1,0,0,0,0,1,0,0,0
1,0,0,0,0,0,0,0,0
1,0,1,0,0,1,0,0,0
1,0,0,0,0,1,1,0,0
1,0,0,0,0,1,0,0,0
1,0,0,0,0,0,0,0,0
1,0,0,0,0,0,0,0,0
0,0,0,0,0,1,0,0,0
1,0,0,0,0,1,1,0,0
0,0,0,0,0,1,1,0,0
1,0,0,0,0,0,0,0,0
1,0,0,0,0,1,1,0,0
1,1,1,0,0,0,0,0,0
1,0,0,0,0,0,1,0,0
0,0,0,0,0,1,1,0,0
1,0,0,0,0,1,1,0,0
1,0,0,0,0,1,0,0,0
1,0,0,1,0,1,0,0,0
1,0,0,0,0,1,0,0,0
1,0,0,0,0,0,0,0,0
1,0,0,0,0,1,0,0,0
1,1,0,0,0,1,0,0,0
1,0,0,0,0,1,1,0,0
1,0,0,0,0,0,0,0,0
0,0,0,0,0,1,1,0,0
0,0,0,0,0,0,1,0,0
0,0,0,0,0,1,1,0,0
0,0,1,0,0,1,0,0,0
1,0,0,0,0,1,1,0,0
0,0,0,0,0,1,0,0,0
1,0,0,0,0,1,1,0,0
1,0,0,0,0,0,0,0,0
1,0,0,0,0,1,0,0,0
0,0,0,0,0,1,0,0,0
1,0,0,0,0,1,1,0,0
1,0,0,0,0,0,0,0,0
0,0,0,0,0,0,0,0,0
0,0,0,0,0,0,1,0,0
1,0,0,0,0,0,0,0,0
1,0,0,0,0,1,1,0,0
1,0,0,0,0,0,1,0,0
0,0,0,0,0,0,1,0,0
1,0,0,1,0,1,0,0,0
1,0,0,1,0,1,1,0,0
1,0,1,1,0,0,1,0,0
1,0,0,0,0,1,0,0,0
1,0,0,0,0,1,0,0,0
0,0,0,0,0,0,0,0,0
0,0,0,0,0,1,0,0,0
1,0,0,0,0,1,0,0,0
1,0,0,0,0,1,0,0,0
1,0,0,0,0,1,0,0,0
1,0,0,0,0,0,0,0,0
0,0,0,0,0,1,0,0,0
1,0,0,0,0,1,0,0,0
1,0,0,0,0,1,0,0,0
1,0,0,0,0,1,1,0,0
1,0,0,0,0,1,0,0,0
0,0,0,0,0,1,0,0,0
1,0,0,1,0,1,0,0,0
0,0,0,0,0,1,1,0,0
0,0,0,0,0,0,1,0,0
0,0,0,0,0,0,1,0,0
1,0,0,0,0,0,1,0,0
0,0,0,0,0,1,1,0,0
0,0,0,0,0,1,1,0,0
1,0,0,0,0,1,1,0,0
1,0,0,0,0,1,0,0,0
1,0,0,0,0,0,0,0,0
1,0,0,0,0,0,1,0,0
1,0,0,0,0,0,1,0,0
1,0,0,0,0,1,1,0,0
1,0,0,0,0,0,1,0,0
1,0,0,0,0,1,0,0,0
1,0,0,0,0,1,0,0,0
0,0,0,0,0,1,1,0,0
0,0,0,0,0,1,0,0,0
0,0,0,0,0,0,1,0,0
1,0,0,0,0,0,0,0,0
1,0,0,0,0,0,0,0,0
1,0,0,0,0,0,0,0,0
0,0,0,0,0,0,0,0,0
1,0,0,1,0,1,0,0,0
1,0,0,0,0,0,1,0,0
1,0,0,0,0,0,0,0,0
1,0,0,0,0,1,0,0,0
1,0,0,0,0,1,1,0,0
1,0,0,0,0,1,1,0,0
1,0,0,0,0,0,0,0,0
1,0,0,0,0,1,1,0,0
1,0,0,0,0,0,0,0,0
1,0,0,0,0,1,0,0,0
0,0,0,1,0,1,1,0,0
1,0,0,0,0,0,1,0,0
1,0,0,0,0,0,0,0,0
1,0,0,0,0,1,0,0,0
1,0,0,0,0,0,0,0,0
1,0,0,0,0,0,0,0,0
1,0,0,0,0,1,0,0,0
1,0,0,0,0,0,0,0,0
0,0,0,0,0,0,0,0,0
1,0,0,0,0,0,0,0,0
1,0,0,1,0,0,1,0,0
1,0,0,1,0,1,0,0,0
1,0,0,0,0,0,1,0,0
1,0,0,0,0,1,0,0,0
1,0,0,0,0,1,1,0,0
1,0,0,0,0,1,1,0,0
1,1,0,0,0,0,0,0,0
1,0,0,0,0,0,1,0,0
1,0,0,0,0,0,1,0,0
1,0,1,0,0,1,0,0,0
1,0,0,0,0,1,1,0,0
1,0,0,0,0,1,0,0,0
0,0,0,0,0,1,0,0,0
1,0,0,0,0,1,0,0,0
1,0,0,0,0,1,1,0,0
0,0,0,0,0,1,0,0,0
0,0,0,0,0,1,0,0,0
0,0,0,0,0,0,0,0,0
1,0,0,0,0,1,0,0,0
1,0,0,0,0,1,1,0,0
1,0,0,0,0,1,0,0,0
1,0,0,0,0,1,1,0,0
1,0,0,0,0,1,0,0,0
1,0,0,0,0,1,1,0,0
1,0,0,0,0,1,1,0,0
1,0,0,0,0,0,0,0,0
0,0,0,0,0,1,0,0,0
0,0,0,0,0,1,0,0,0
0,0,0,0,0,0,0,0,0
1,0,0,0,0,0,0,0,0
0,0,0,0,0,0,0,0,0
0,0,0,0,0,1,1,0,0
1,0,0,0,0,0,1,0,0
1,0,0,0,0,0,0,0,0
1,0,1,0,0,1,0,0,0
1,0,0,0,0,1,0,0,0
1,0,0,0,0,1,1,0,0
1,0,0,0,0,1,1,0,0
1,0,0,0,0,0,0,0,0
0,1,0,0,0,0,0,0,0
0,0,0,0,0,0,0,0,0
0,0,0,0,0,1,0,0,0
1,0,0,0,0,0,1,0,0
1,0,0,1,0,0,1,0,0
1,0,0,0,0,0,1,0,0
0,0,0,0,0,0,0,0,0
1,0,0,0,0,0,0,0,0
1,0,0,0,0,0,0,0,0
1,0,0,0,0,1,0,0,0
1,0,0,0,0,1,1,0,0
1,0,0,0,0,1,0,0,0
1,0,0,0,0,0,0,0,0
0,0,0,0,0,0,0,0,0
1,0,0,0,0,1,1,0,0
1,0,0,0,0,1,1,0,0
0,0,0,0,0,0,1,0,0
1,1,0,0,0,1,0,0,0
0,0,0,0,0,0,1,0,0
1,0,0,1,0,1,0,0,0
0,0,0,0,0,0,0,0,0
1,0,0,0,0,0,1,0,0
0,0,0,0,0,1,1,0,0
0,0,0,0,0,0,0,0,0
0,0,0,0,0,1,0,0,0
1,0,0,0,0,0,1,0,0
1,0,0,0,0,1,1,0,0
1,0,0,0,0,0,0,0,0
1,1,0,0,0,1,1,0,0
0,0,0,0,0,0,0,0,0
1,0,0,0,0,1,1,0,0
0,0,0,0,0,0,0,0,0
1,0,0,0,0,1,1,0,0
0,0,0,0,0,0,1,0,0
1,0,0,0,0,0,0,0,0
1,0,0,0,0,0,0,0,0
1,0,0,0,0,1,1,0,0
1,0,0,0,0,0,0,0,0
1,0,0,0,0,0,1,0,0
1,0,0,0,0,1,1,0,0
1,0,0,0,0,1,0,0,0
1,0,0,0,0,1,0,0,0
0,0,0,0,0,1,0,0,0
1,0,0,0,0,0,0,0,0
1,0,0,0,0,1,0,0,0
1,0,0,0,0,1,0,0,0
1,0,0,0,0,1,0,0,0
1,0,0,0,0,1,0,0,0
1,0,0,0,0,1,0,0,0
1,0,0,0,0,1,1,0,0
0,0,0,0,0,0,1,0,0
0,0,0,0,0,1,1,0,0
1,0,0,0,0,1,0,0,0
1,0,0,0,0,1,0,0,0
1,0,0,0,0,1,1,0,0
0,0,0,0,0,0,0,0,0
0,0,0,0,0,1,1,0,0
0,0,0,0,0,1,1,0,0
1,0,1,1,0,1,1,0,0
1,0,1,0,1,0,1,0,0
1,0,0,0,0,1,1,0,0
1,0,0,0,0,1,1,0,0
0,0,0,0,0,1,1,0,0
0,0,0,0,0,1,0,0,0
1,0,0,0,0,1,1,0,0
0,1,0,0,0,1,0,0,0
1,0,0,0,0,0,0,0,0
1,0,0,0,0,0,0,0,0
1,0,1,0,0,0,1,0,0
1,0,0,0,0,1,1,0,0
1,0,0,0,0,1,0,0,0
1,0,0,0,0,1,1,0,0
1,0,0,0,0,1,0,0,0
0,0,0,0,0,1,1,0,0
1,0,1,0,0,1,1,0,0
0,0,0,0,0,1,1,0,0
1,0,0,0,0,1,0,0,0
1,0,0,0,0,1,0,0,0
0,0,0,0,0,1,0,0,0
1,1,0,0,0,0,0,0,0
0,0,0,0,0,0,0,0,0
0,0,0,0,0,0,0,0,0
1,0,0,0,0,0,1,0,0
1,0,1,0,0,1,1,0,0
1,0,0,0,0,1,0,0,0
0,0,0,0,0,1,0,0,0
0,0,0,0,0,1,0,0,0
0,0,0,0,0,1,0,0,0
1,0,0,0,0,1,1,0,0
1,0,0,0,0,0,1,0,0
1,0,0,0,0,1,0,0,0
1,0,0,0,0,1,0,0,0
1,0,0,0,0,0,0,0,0
1,0,0,0,0,0,0,0,0
1,0,0,0,0,0,0,0,0
1,0,0,0,0,1,0,0,0
1,0,0,0,0,1,0,0,0
1,0,0,0,0,1,1,0,0
1,0,0,0,0,1,0,0,0
1,0,0,1,0,0,0,0,0
0,0,0,0,0,1,0,0,0
0,0,0,0,0,1,1,0,0
1,0,0,1,0,0,1,0,0
0,0,0,0,0,0,0,0,0
1,0,0,0,0,0,0,0,0
0,0,0,0,0,1,1,0,0
1,0,0,0,0,0,1,0,0
1,0,0,0,0,1,1,0,0
1,0,0,0,0,0,1,0,0
0,0,0,0,0,0,0,0,0
1,0,0,0,0,1,0,0,0
1,0,0,0,0,1,1,0,0
1,0,0,0,0,1,0,0,0
1,0,0,0,0,1,1,0,0
1,0,0,0,0,0,1,0,0
1,0,1,0,0,1,1,0,0
1,0,0,0,0,1,0,0,0
0,0,0,0,0,1,1,0,0
1,0,0,0,0,1,1,0,0
0,0,0,0,0,0,1,0,0
0,0,1,0,0,1,0,0,0
1,0,0,0,0,0,0,0,0
1,0,1,0,0,0,1,0,0
1,0,0,0,0,0,1,0,0
0,0,0,0,0,0,1,0,0
1,0,0,0,0,1,1,0,0
1,0,0,0,0,1,0,0,0
1,0,0,0,0,0,0,0,0
1,0,0,1,0,1,0,0,0
1,0,0,0,0,1,0,0,0
1,0,0,0,0,0,0,0,0
1,0,0,1,0,1,0,0,0
1,0,0,0,0,0,0,0,0
1,0,0,0,0,0,1,0,0
1,0,0,0,0,0,0,0,0
1,0,0,0,0,0,1,0,0
0,0,0,0,0,1,0,0,0
1,0,0,0,0,1,0,0,0
0,0,0,0,0,1,0,0,0
1,0,0,0,0,0,0,0,0
1,0,0,0,0,0,0,1,0
1,0,0,0,0,0,1,0,0
1,0,0,0,0,1,1,0,0
1,0,0,0,0,1,0,0,0
1,0,0,0,0,1,0,0,0
1,0,0,0,0,1,0,0,0
1,0,0,0,0,1,0,0,0
1,0,0,0,0,0,1,0,0
1,0,0,0,0,0,0,0,0
0,0,0,0,0,1,1,0,0
1,0,0,0,0,0,1,0,0
1,0,0,1,0,0,0,0,0
1,0,0,0,0,1,1,0,0
1,0,0,0,0,0,1,0,0
1,0,0,0,0,0,1,0,0
1,0,0,0,0,1,0,0,0
1,1,0,0,0,1,0,0,0
1,0,0,0,0,1,0,0,0
1,0,0,0,0,1,1,0,0
1,0,1,0,0,0,0,0,0
1,0,0,0,0,0,0,0,0
1,1,0,0,0,1,0,0,0
1,0,1,0,0,0,1,0,0
1,0,0,0,0,0,0,0,0
1,0,0,0,0,0,0,0,0
1,0,0,0,0,0,0,0,0
0,0,0,0,0,0,0,0,0
1,0,0,0,0,1,0,0,0
1,0,0,0,0,1,1,0,0
1,0,0,0,0,1,1,0,0
0,0,0,0,0,0,1,0,0
1,0,0,0,0,1,1,0,0
1,0,0,0,0,1,0,0,0
0,0,0,0,0,1,1,0,0
1,0,0,0,0,1,0,0,0
1,0,0,0,0,1,0,0,0
1,0,0,0,0,1,1,0,0
1,0,0,0,0,1,0,0,0
0,0,0,0,0,1,1,0,0
1,0,0,0,0,1,0,0,0
1,0,0,0,0,0,1,0,0
1,0,1,0,0,0,1,0,0
1,0,0,0,0,1,1,0,0
1,0,0,0,0,1,1,0,0
1,0,0,0,0,0,0,0,0
0,0,0,0,0,1,0,0,0
1,0,0,0,0,1,0,0,0
1,0,0,1,0,0,1,0,0
1,0,0,0,0,1,1,0,0
0,0,0,0,0,1,0,0,0
1,0,0,0,0,0,0,0,0
1,0,0,0,0,0,0,0,0
1,0,0,0,0,0,1,0,0
1,0,0,0,0,0,0,0,0
0,0,0,0,0,1,0,0,0
0,0,0,0,0,0,0,0,0
1,0,0,0,0,1,0,0,0
1,0,1,0,0,1,0,0,0
1,0,0,0,0,0,1,0,0
1,0,0,0,0,1,1,0,0
1,0,0,0,0,1,0,0,0
1,0,1,0,0,1,1,0,0
0,0,0,0,0,1,1,0,0
1,0,0,0,0,1,1,0,0
1,0,0,0,0,1,1,0,0
1,1,0,0,0,1,0,0,0
1,0,0,0,0,1,0,0,0
1,0,0,0,0,1,0,0,0
1,0,0,0,0,1,1,0,0
1,1,0,0,0,0,0,0,0
1,0,0,0,0,1,0,0,0
1,0,0,0,0,0,0,0,0
0,0,0,1,0,0,0,0,0
1,0,0,0,0,0,0,0,0
1,0,0,0,0,0,1,0,0
0,0,0,0,0,1,1,0,0
0,0,0,0,0,0,1,0,0
0,0,0,0,0,0,1,0,0
1,1,0,0,0,1,0,0,0
1,0,0,0,0,0,0,0,0
1,0,0,0,0,0,1,0,0
0,0,0,0,0,1,1,0,0
1,0,0,0,0,1,1,0,0
1,0,0,0,0,1,1,0,0
1,0,0,0,0,0,1,0,0
1,0,0,0,0,0,1,0,0
1,0,0,0,0,1,0,0,0
1,1,0,0,0,0,1,0,0
0,0,0,0,0,1,0,0,0
1,0,0,0,0,1,1,0,0
1,0,0,0,0,1,1,0,0
1,0,1,0,0,1,1,0,0
1,0,0,0,0,1,1,0,0
1,0,1,0,0,1,1,0,0
1,0,0,0,0,0,1,0,0
1,0,0,0,0,0,1,0,0
0,0,0,0,0,1,0,0,0
1,0,1,0,0,0,0,0,0
1,0,0,0,0,0,0,0,0
1,0,1,0,0,0,1,0,0
1,0,0,0,0,1,1,0,0
1,0,0,0,0,0,1,0,0
1,0,0,0,0,1,0,0,0
0,0,0,0,0,0,0,0,0
1,1,0,0,0,1,1,0,0
1,1,0,0,0,1,0,0,0
1,0,0,0,0,1,0,0,0
1,0,0,0,0,1,0,0,0
1,0,0,0,0,1,1,0,0
1,0,0,0,0,1,1,0,0
1,0,0,0,0,1,1,0,0
1,0,0,0,0,0,0,0,0
1,0,0,0,0,0,1,0,0
0,0,0,0,0,1,0,0,0
0,0,0,0,0,1,1,0,0
1,0,0,0,0,1,1,0,0
0,0,0,0,0,1,0,0,0
0,0,0,0,0,0,0,0,0
1,0,0,0,0,0,0,0,0
1,0,0,0,0,1,1,0,0
1,0,0,0,0,0,0,0,0
1,0,0,0,0,1,1,0,0
1,0,0,0,0,1,1,0,0
1,0,0,0,0,0,0,0,0
1,0,0,0,0,1,0,0,0
0,0,0,0,0,1,1,0,0
0,0,0,0,0,0,1,0,0
0,0,0,0,0,1,0,0,0
0,0,0,0,0,0,0,0,0
1,1,0,0,0,0,0,0,0
0,0,0,0,0,1,0,0,0
0,0,0,0,0,1,0,0,0
0,0,0,0,0,1,0,0,0
0,0,0,0,0,1,1,0,0
1,0,0,0,0,1,0,0,0
1,0,0,0,0,1,1,0,0
1,0,0,0,0,0,0,0,0
0,0,0,0,0,1,0,0,0
0,0,0,0,0,1,0,0,0
0,0,0,0,0,1,0,0,0
1,0,0,0,0,1,0,0,0
1,0,0,0,0,0,1,0,0
1,0,0,0,0,0,0,0,0
1,0,0,0,0,1,1,0,0
1,0,0,0,0,1,1,0,0
0,0,0,0,0,0,0,0,0
0,0,0,0,0,1,0,0,0
1,0,0,0,0,0,0,0,0
1,0,0,0,0,1,0,0,0
1,0,0,0,0,1,0,0,0
0,0,0,0,0,1,1,0,0
1,0,1,0,0,1,1,0,0
1,0,0,0,0,1,1,0,0
1,0,0,0,0,1,1,0,0
1,0,0,0,0,1,1,0,0
0,0,0,0,0,1,0,0,0
1,0,0,1,0,0,0,0,0
1,0,0,0,0,1,0,0,0
0,0,0,0,0,1,1,0,0
1,0,0,0,0,1,0,0,0
1,0,0,0,0,0,1,0,0
1,0,0,0,0,0,0,0,0
1,0,0,0,0,0,1,0,0
1,0,0,0,0,1,1,0,0
0,0,0,0,0,1,1,0,0
1,0,0,0,0,1,0,0,0
1,0,0,0,0,0,0,0,0
0,0,0,0,0,0,1,0,0
1,0,0,0,0,1,1,0,0
1,0,0,0,0,0,0,0,0
1,0,1,1,0,0,1,0,0
1,0,0,0,0,0,1,0,0
1,0,0,0,0,1,0,0,0
1,0,0,0,0,1,0,0,0
1,0,0,0,0,1,0,0,0
1,0,0,0,0,1,1,0,0
0,0,0,0,0,1,0,0,0
1,0,0,1,0,1,1,0,0
1,0,0,0,0,1,1,0,0
1,0,0,0,0,1,0,0,0
1,0,0,0,0,1,1,0,0
1,0,0,0,0,0,0,0,0
1,0,0,0,0,1,1,0,0
1,0,0,0,0,1,1,0,0
1,0,0,0,0,0,1,0,0
1,0,0,0,0,1,1,0,0
1,0,0,0,0,1,0,0,0
1,0,0,0,0,1,1,0,0
1,0,0,0,0,1,1,0,0
0,0,0,0,0,1,1,0,0
0,0,0,0,0,0,1,0,0
1,0,0,0,0,0,0,0,0
1,0,1,1,0,1,1,0,1
1,0,1,0,0,1,1,0,1
1,0,1,0,0,1,1,1,1
1,0,1,0,0,1,1,1,1
1,0,1,0,0,1,1,0,1
1,1,1,0,0,1,0,1,1
1,0,1,0,0,1,1,0,1
1,0,1,0,1,1,1,0,1
1,1,1,0,0,1,0,0,1
1,1,1,0,0,1,1,0,1
1,0,1,0,0,1,0,0,1
1,0,1,0,0,1,1,0,1
1,1,1,1,1,1,1,0,1
1,0,1,0,0,1,1,0,1
1,0,1,1,0,1,1,0,1
1,0,1,0,0,1,1,0,1
1,0,1,0,1,1,1,0,1
1,0,1,0,0,1,1,0,1
1,1,1,0,0,1,0,0,1
1,1,1,0,0,1,1,1,1
1,0,1,0,0,1,1,0,1
1,0,1,0,1,1,0,0,1
1,1,1,1,0,1,1,1,1
1,0,1,0,0,1,1,0,1
1,0,1,1,0,1,1,0,1
1,1,1,0,0,1,1,1,1
1,0,1,0,0,1,1,0,1
1,0,1,1,0,1,1,1,1
1,0,1,0,0,1,1,1,1
1,0,1,0,0,1,1,0,1
1,0,1,0,0,1,1,0,1
1,0,1,0,1,1,1,0,1
1,0,1,0,1,1,1,1,1
1,0,1,1,0,1,1,0,1
1,0,1,0,0,1,1,0,1
1,0,1,0,1,1,1,1,1
1,1,1,1,0,1,1,0,1
1,0,1,0,0,1,1,0,1
1,1,1,1,0,1,1,1,1
1,1,1,0,0,1,0,0,1
1,1,1,0,0,1,1,0,1
1,0,1,0,0,1,1,0,1
1,0,1,1,0,1,1,0,1
1,1,1,1,0,1,1,0,1
1,1,1,1,0,1,1,0,1
1,1,1,0,0,1,1,0,1
1,1,1,0,1,1,1,0,1
1,1,1,1,0,1,1,0,1
1,1,1,0,0,1,1,1,1
1,0,1,1,0,1,1,0,1
1,0,1,1,0,1,1,1,1
1,0,1,0,0,1,1,0,1
1,0,1,0,0,1,1,0,1
1,0,1,1,0,1,1,0,1
1,0,1,0,0,1,1,0,1
1,1,1,0,0,1,0,1,1
1,0,1,0,0,1,1,0,1
1,0,1,1,0,1,0,1,1
1,0,1,0,1,1,1,0,1
1,0,1,1,0,1,1,0,1
1,1,1,0,0,1,1,1,1
1,0,1,0,1,1,1,0,1
1,1,1,0,0,1,1,0,1
0,0,1,0,0,1,1,0,1
1,0,1,0,0,1,1,0,1
1,0,1,0,0,1,1,0,1
1,1,1,0,0,1,1,0,1
1,0,1,1,0,1,1,1,1
1,0,1,0,0,1,0,0,1
1,0,1,0,1,1,1,1,1
1,0,1,0,0,1,1,0,1
1,0,1,0,0,1,1,0,1
1,1,1,0,0,1,1,0,1
1,1,1,1,0,1,1,1,1
1,0,1,1,0,1,1,0,1
1,1,1,1,0,1,0,0,1
1,0,1,1,0,1,1,0,1
1,1,1,1,0,1,0,0,1
1,0,1,0,0,1,1,1,1
1,0,1,0,1,1,1,1,1
1,1,1,0,0,1,0,1,1
1,1,1,1,0,1,1,0,1
1,0,1,0,0,1,1,0,1
1,1,1,1,1,1,0,0,1
1,1,1,0,1,1,1,0,1
1,1,1,0,0,1,1,1,1
1,1,1,1,0,1,1,1,1
1,0,1,0,0,1,0,1,1
1,0,1,0,1,1,1,1,1
1,0,1,0,0,1,1,1,1
1,0,1,0,0,1,1,0,1
1,1,1,0,0,1,0,0,1
1,0,1,0,0,1,1,1,1
1,0,1,0,0,1,1,0,1
1,0,1,0,1,1,1,0,1
1,0,1,0,0,1,1,0,1
1,1,1,1,0,1,1,1,1
1,1,1,0,0,1,1,0,1
1,1,1,0,0,1,0,0,1
1,1,1,1,0,1,1,0,1
1,0,1,1,0,1,1,0,1
1,0,1,0,0,1,1,0,1
1,0,1,0,0,1,1,1,1
1,0,1,0,0,1,1,0,1
1,0,1,1,0,1,1,0,1
1,1,1,0,0,1,1,0,1
1,1,1,0,0,1,1,0,1
1,0,1,1,0,1,1,0,1
1,1,1,0,0,1,1,0,1
1,0,1,0,0,1,1,0,1
1,1,1,1,0,1,1,0,1
1,1,1,0,0,1,1,0,1
1,0,1,0,0,1,1,1,1
1,0,1,1,1,1,0,0,1
1,0,1,0,1,1,1,0,1
1,0,1,0,0,1,1,0,1
1,1,1,0,0,1,0,0,1
1,0,1,0,1,1,1,0,1
1,0,1,0,0,1,1,1,1
1,1,1,0,0,1,1,0,1
1,1,1,0,0,1,1,0,1
1,0,1,0,1,1,0,0,1
1,0,1,1,1,1,0,1,1
1,0,1,0,0,1,0,0,1
1,0,1,1,0,1,1,0,1
1,0,1,0,0,1,1,0,1
1,0,1,0,0,1,1,0,1
1,0,1,0,0,1,1,0,1
1,0,1,1,0,1,1,0,1
1,1,1,1,0,1,1,0,1
1,1,1,0,1,1,0,0,1
1,1,1,0,0,1,1,0,1
1,0,1,0,1,1,1,0,1
1,0,1,0,0,1,1,0,1
1,0,1,0,0,1,1,1,1
1,1,1,0,0,1,0,1,1
1,0,1,0,0,1,1,1,1
1,1,1,0,0,1,1,0,1
1,0,1,0,0,1,0,0,1
1,0,1,1,1,1,1,0,1
1,0,1,0,0,1,1,0,1
1,0,1,0,1,1,1,0,1
1,0,1,0,0,1,1,0,1
1,1,1,0,1,1,1,0,1
1,0,1,0,0,1,1,1,1
1,0,1,0,0,1,1,0,1
1,0,1,1,0,1,1,1,1
1,1,1,0,1,1,1,1,1
1,0,1,0,0,1,0,0,1
1,1,1,0,0,1,1,0,1
1,0,1,0,0,1,1,0,1
1,0,1,0,0,1,1,0,1
1,0,1,0,0,1,1,0,1
1,0,1,0,1,1,1,1,1
1,1,1,1,0,1,1,0,1
1,0,1,0,0,1,1,0,1
1,0,1,0,0,1,1,0,1
1,1,1,0,1,1,1,1,1
1,0,1,0,0,1,0,1,1
1,0,1,1,0,1,0,0,1
1,1,1,0,0,1,1,0,1
1,0,1,0,1,1,1,0,1
1,1,1,0,0,1,0,0,1
1,1,1,0,0,1,0,0,1
1,1,1,0,0,1,1,0,1
1,1,1,0,0,1,1,0,1
1,1,1,0,0,1,1,0,1
1,0,1,0,0,1,0,0,1
1,1,1,0,0,1,1,0,1
1,1,1,0,0,1,1,0,1
1,0,1,0,0,1,1,1,1
1,0,1,0,0,1,1,0,1
1,1,1,0,0,1,1,0,1
1,0,1,0,1,1,1,0,1
1,0,1,0,1,1,1,0,1
1,1,1,1,0,1,1,1,1
1,0,1,0,0,1,1,0,1
1,1,1,0,0,1,1,1,1
1,1,1,0,0,1,1,0,1
1,0,1,1,0,1,1,0,1
1,0,1,0,0,1,1,1,1
1,1,1,0,0,1,1,0,1
1,1,1,0,1,1,1,0,1
1,1,1,1,1,1,1,0,1
1,0,1,0,0,1,1,0,1
1,0,1,0,0,1,1,0,1
1,1,1,1,0,1,1,0,1
1,1,1,0,0,1,1,0,1
1,0,1,0,0,1,1,0,1
1,0,1,1,0,1,1,1,1
1,1,1,1,0,1,1,1,1
1,0,1,1,0,1,1,1,1
1,0,1,1,1,1,1,0,1
1,1,1,0,0,1,1,0,1
1,0,1,0,1,1,1,0,1
1,0,1,1,0,1,1,1,1
1,0,1,0,0,1,1,0,1
1,0,1,0,0,1,1,1,1
1,0,1,0,0,1,1,0,1
1,0,1,1,0,1,1,0,1
1,1,1,0,1,1,1,0,1
1,0,1,1,0,1,1,0,1
1,0,1,0,1,1,1,1,1
1,0,1,1,1,1,1,0,1
1,0,1,0,0,1,1,0,1
1,0,1,0,1,1,0,1,1
1,1,1,0,0,1,1,0,1
1,0,1,0,0,1,1,0,1
1,0,1,0,0,1,1,0,1
1,0,1,1,1,1,1,0,1
1,1,1,0,0,1,1,1,1
1,0,1,1,0,1,1,1,1
1,0,1,0,0,1,1,0,1
1,0,1,0,0,1,1,0,1
1,0,1,0,1,1,1,0,1
1,1,1,0,1,1,1,0,1
1,0,1,0,1,1,1,1,1
1,1,1,1,0,1,1,1,1
1,1,1,0,1,1,0,1,1
1,0,1,0,1,1,1,0,1
1,0,1,0,0,1,1,0,1
1,1,1,1,0,1,0,0,1
1,0,1,0,0,1,1,0,1
1,0,1,0,0,1,1,0,1
1,1,1,0,0,1,1,1,1
1,0,1,0,1,1,1,0,1
1,1,1,1,0,1,1,0,1
1,0,1,0,0,1,1,0,1
1,0,1,0,0,1,1,0,1
1,0,1,0,0,1,1,1,1
1,1,1,0,0,1,1,0,1
1,0,1,0,0,1,0,0,1
1,0,1,0,0,1,1,0,1
1,0,1,0,1,1,1,1,1
1,0,1,1,1,1,1,0,1
1,1,1,1,0,1,1,0,1
1,1,1,0,0,1,1,1,1
1,0,1,1,0,1,1,0,1
1,1,1,1,0,1,1,0,1
1,0,1,0,1,1,1,0,1
1,0,1,0,0,1,1,0,1
1,0,1,0,0,1,1,1,1
1,1,1,1,0,1,0,0,1
1,1,1,1,1,1,1,0,1
1,0,1,1,0,1,0,0,1
1,0,1,0,1,1,1,0,1
1,1,1,0,0,1,1,0,1
1,0,1,1,0,1,1,1,1
1,0,1,0,0,1,0,0,1
1,0,1,0,0,1,1,0,1
1,0,1,0,0,1,1,0,1
1,0,1,0,0,1,1,0,1
1,0,1,1,1,1,1,0,1
1,0,1,0,0,1,1,1,1
1,0,1,1,0,1,1,0,1
1,0,1,1,0,1,1,0,1
1,1,1,1,1,1,1,0,1
1,0,1,0,0,1,1,0,1
1,1,1,0,1,1,1,0,1
1,1,1,0,0,1,0,1,1
1,0,1,0,0,1,1,1,1
1,1,1,1,0,1,1,1,1
1,1,1,0,0,1,1,0,1
1,0,1,0,1,1,1,0,1
1,1,1,0,1,1,1,0,1
1,0,1,0,1,1,1,0,1
1,0,1,0,0,1,1,0,1
1,0,1,0,0,1,1,0,1
1,1,1,1,0,1,1,1,1
1,1,1,1,0,1,0,0,1
1,1,1,1,0,1,1,1,1
1,0,1,1,0,1,1,1,1
1,0,1,1,0,1,1,0,1
1,0,1,1,0,1,0,0,1
1,1,1,1,0,1,1,1,1
1,0,1,0,0,1,1,0,1
1,0,1,0,0,1,0,0,1
1,0,1,1,0,1,1,1,1
1,1,1,1,0,1,0,0,1
1,0,1,0,0,1,1,0,1
1,0,1,0,0,1,1,1,1
1,1,1,1,0,1,1,1,1
1,0,1,0,0,1,1,0,1
1,0,1,0,0,1,1,0,1
1,0,1,0,0,1,1,0,1
1,1,1,0,1,1,1,0,1
1,1,1,0,1,1,1,0,1
1,0,1,0,0,1,1,1,1
1,0,1,0,0,1,1,0,1
1,0,1,0,0,1,1,0,1
1,0,1,0,0,1,1,0,1
1,0,1,0,0,1,1,0,1
1,0,1,0,0,1,1,0,1
1,0,1,0,0,1,1,0,1
1,0,1,0,0,1,1,1,1
1,1,1,0,0,1,1,1,1
1,0,1,1,0,1,1,0,1
1,0,1,0,0,1,1,0,1
1,0,1,0,0,1,1,0,1
1,0,1,0,0,1,1,0,1
1,1,1,1,1,1,1,0,1
1,1,1,1,1,1,1,0,1
1,0,1,0,0,1,1,0,1
1,1,1,1,1,1,1,0,1
1,0,1,0,0,1,1,0,1
1,1,1,0,0,1,1,0,1
1,1,1,1,1,1,1,1,1
1,1,1,0,0,1,0,0,1
1,1,1,0,0,1,1,0,1
1,1,1,0,0,1,1,0,1
1,1,1,0,0,1,1,0,1
1,0,1,0,0,1,1,0,1
1,0,1,0,0,1,1,0,1
1,1,1,0,0,1,1,0,1
1,1,1,1,0,1,1,1,1
1,0,1,0,0,1,1,1,1
1,0,1,0,0,1,1,0,1
1,0,1,1,0,1,1,0,1
1,0,1,0,0,1,1,0,1
1,0,1,0,0,1,1,0,1
1,0,1,0,0,1,1,1,1
1,1,1,0,0,1,1,0,1
1,0,1,0,1,1,1,0,1
1,0,1,0,1,1,1,0,1
1,0,1,0,0,1,1,0,1
1,1,1,1,0,1,1,1,1
1,0,1,0,1,1,1,0,1
1,0,1,0,0,1,1,0,1
1,0,1,0,0,1,1,0,1
1,1,1,1,0,1,0,0,1
1,0,1,0,0,1,1,1,1
1,1,1,0,1,1,1,0,1
1,0,1,0,0,1,1,1,1
1,0,1,0,0,1,1,1,1
1,1,1,0,0,1,0,1,1
1,0,1,0,0,1,1,1,1
1,1,1,1,0,1,1,1,1
1,0,1,1,0,1,1,0,1
1,1,1,0,0,1,1,0,1
1,0,1,0,0,1,1,1,1
1,1,1,1,0,1,1,0,1
1,0,1,0,0,1,0,1,1
1,0,1,0,0,1,0,1,1
1,1,1,1,0,1,1,0,1
1,0,1,0,0,1,1,0,1
1,0,1,1,0,1,1,0,1
1,0,1,1,0,1,1,1,1
1,0,1,1,0,1,1,0,1
1,0,1,0,0,1,1,0,1
1,1,1,0,1,1,1,0,1
1,0,1,1,0,1,1,0,1
1,0,1,0,0,1,1,1,1
1,0,1,1,0,1,1,1,1
1,1,1,0,0,1,1,0,1
1,1,1,1,0,1,1,0,1
1,0,1,0,0,1,1,0,1
1,1,1,1,0,1,1,0,1
1,0,1,0,0,1,0,0,1
1,0,1,1,0,1,1,0,1
1,0,1,1,0,1,0,0,1
1,0,1,0,0,1,0,0,1
1,1,1,0,0,1,0,0,1
1,1,1,1,0,1,1,0,1
1,1,1,0,0,1,1,0,1
1,0,1,1,0,1,1,0,1
1,0,1,0,0,1,1,0,1
1,0,1,1,0,1,1,0,1
1,0,1,0,0,1,1,0,1
1,0,1,0,1,1,1,0,1
1,1,1,1,1,1,1,0,1
1,1,1,1,0,1,1,1,1
1,1,1,1,1,1,1,0,1
1,0,1,1,0,1,1,0,1
1,1,1,0,1,1,1,0,1
1,0,1,0,0,1,1,0,1
1,0,1,0,0,1,0,0,1
1,0,1,0,1,1,1,0,1
1,1,1,1,0,1,0,0,1
1,1,1,1,0,1,1,1,1
1,1,1,1,0,1,1,0,1
1,0,1,0,0,1,0,1,1
1,1,1,1,1,1,1,0,1
1,0,1,1,0,1,1,0,1
1,0,1,0,0,1,1,0,1
1,0,1,0,0,1,1,0,1
1,1,1,0,0,1,1,0,1
1,0,1,0,1,1,1,0,1
1,1,1,1,0,1,1,0,1
1,0,1,0,0,1,1,0,1
1,1,1,1,0,1,1,0,1
1,0,1,0,0,1,0,0,1
1,0,1,1,0,1,1,1,1
1,0,1,0,0,1,1,0,1
1,0,1,0,0,1,1,0,1
1,0,1,1,1,1,1,0,1
1,0,1,0,1,1,1,0,1
1,0,1,0,1,1,1,0,1
1,0,1,0,0,1,1,0,1
1,0,1,1,0,1,1,1,1
1,0,1,1,1,1,1,0,1
1,1,1,1,0,1,1,0,1
1,0,1,1,0,1,0,0,1
1,0,1,0,0,1,1,0,1
1,0,1,1,0,1,1,0,1
1,0,1,1,0,1,1,0,1
1,1,1,0,0,1,0,0,1
1,0,1,0,1,1,1,0,1
1,1,1,0,1,1,1,1,1
1,1,1,0,0,1,1,1,1
1,1,1,0,0,1,1,1,1
1,1,1,0,0,1,0,0,1
1,1,1,1,0,1,1,1,1
1,0,1,0,0,1,1,1,1
1,1,1,0,0,1,1,0,1
1,0,1,0,0,1,1,1,1
1,1,1,0,0,1,0,0,1
1,1,1,0,0,1,1,1,1
1,0,1,0,0,1,1,0,1
1,0,1,0,1,1,1,1,1
1,0,1,0,0,1,1,0,1
1,1,1,1,0,1,1,1,1
1,0,1,1,1,1,1,0,1
1,0,1,0,1,1,1,0,1
1,1,1,1,1,1,1,1,1
1,1,1,0,0,1,1,0,1
1,1,1,0,1,1,0,1,1
1,0,1,0,1,1,1,0,1
1,1,1,0,1,1,1,0,1
1,0,1,0,0,1,1,0,1
1,1,1,1,0,1,1,0,1
1,0,1,1,0,1,1,1,1
1,0,1,0,0,1,0,0,1
1,0,1,0,1,1,1,1,1
1,0,1,0,0,1,0,1,1
1,0,1,1,0,1,1,0,1
1,0,1,0,0,1,1,1,1
1,0,1,0,0,1,1,0,1
1,0,1,0,0,1,0,0,1
1,0,1,0,0,1,1,1,1
1,0,1,0,0,1,1,1,1
1,0,1,1,0,1,1,0,1
1,1,1,0,0,1,1,1,1
1,1,1,1,0,1,1,1,1
1,0,1,0,0,1,1,0,1
1,0,1,0,0,1,1,1,1
1,1,1,0,0,1,0,0,1
1,0,1,0,0,1,1,1,1
1,0,1,1,0,1,1,0,1
1,1,1,0,0,1,1,0,1
1,0,1,0,0,1,1,1,1
1,1,1,1,0,1,1,1,1
1,0,1,0,0,1,1,0,1
1,0,1,0,0,1,1,1,1
1,0,1,0,0,1,0,0,1
1,1,1,0,0,1,0,0,1
1,1,1,0,0,1,1,0,1
1,0,1,0,0,1,1,0,1
1,0,1,0,1,1,1,0,1
1,0,1,0,0,1,1,0,1
1,0,1,1,0,1,0,1,1
1,0,1,0,0,1,1,0,1
1,0,1,0,0,1,1,0,1
1,0,1,0,0,1,1,0,1
1,1,1,1,0,1,1,0,1
1,0,1,0,0,1,1,1,1
1,0,1,0,0,1,1,0,1
1,0,1,1,0,1,1,0,1
1,0,1,0,1,1,1,1,1
1,0,1,0,0,1,1,1,1
1,1,1,1,0,1,1,1,1
1,1,1,0,0,1,1,1,1
1,1,1,0,1,1,1,0,1
1,0,1,1,0,1,0,1,1
1,1,1,1,0,1,1,1,1
1,1,1,0,0,1,1,0,1
1,0,1,0,1,1,1,0,1
1,0,1,0,0,1,1,0,1
1,1,1,1,0,1,1,1,1
1,1,1,0,0,1,1,1,1
1,0,1,1,0,1,1,1,1
1,0,1,0,0,1,1,0,1
1,0,1,0,0,1,1,0,1
1,0,1,0,0,1,0,1,1
1,1,1,0,0,1,1,0,1
1,0,1,0,0,1,1,0,1
1,0,1,1,0,1,1,1,1
1,1,1,1,0,1,1,0,1
1,1,1,0,0,1,1,0,1
1,0,1,0,0,1,1,0,1
1,0,1,0,0,1,1,1,1
1,1,1,1,0,1,1,0,1
1,0,1,0,0,1,1,0,1
1,0,1,0,0,1,1,0,1
1,1,1,1,1,1,0,0,1
1,0,1,0,0,1,0,0,1
1,1,1,1,0,1,1,1,1
1,0,1,1,0,1,1,0,1
1,0,1,0,0,1,1,1,1
1,0,1,0,0,1,0,0,1
1,1,1,1,0,1,1,1,1
1,0,1,0,1,1,1,0,1
1,1,1,0,1,1,1,0,1
1,1,1,1,1,1,1,0,1
1,1,1,0,1,1,1,0,1
1,1,1,1,0,1,1,0,1
1,1,1,1,1,1,1,0,1
1,0,1,1,0,1,0,0,1
1,1,1,0,0,1,1,1,1
1,0,1,1,0,1,1,1,1
1,0,1,0,0,1,0,1,1
1,0,1,1,0,1,1,0,1
1,1,1,0,0,1,1,1,1
1,0,1,0,0,1,1,0,1
1,0,1,0,0,1,1,1,1
1,0,1,0,0,1,1,1,1
1,1,1,0,1,1,1,0,1
1,0,1,1,0,1,1,1,1
1,0,1,1,0,1,1,0,1
1,0,1,1,0,1,0,0,1
1,0,1,0,0,1,1,1,1
1,0,1,0,0,1,1,0,1
1,0,1,1,0,1,1,0,1
1,1,1,0,0,1,1,1,1
1,0,1,0,1,1,1,0,1
1,0,1,0,0,1,1,1,1
1,0,1,0,1,1,1,0,1
1,0,1,0,0,1,1,0,1
1,1,1,0,1,1,1,0,1
1,1,1,1,0,1,1,1,1
1,0,1,0,0,1,1,1,1
1,0,1,1,0,1,1,0,1
1,0,1,0,0,1,1,1,1
1,0,1,1,0,1,1,1,1
1,0,1,1,0,1,1,0,1
1,0,1,0,0,1,1,0,1
1,0,1,0,0,1,1,0,1
1,0,1,1,0,1,1,0,1
1,0,1,1,0,1,1,0,1
1,0,1,1,0,1,0,0,1
1,0,1,0,0,1,1,0,1
1,0,1,1,0,1,1,0,1
1,0,1,0,0,1,1,0,1
1,0,1,0,0,1,1,0,1
1,0,1,0,0,1,1,0,1
1,1,1,0,0,1,1,0,1
1,0,1,1,1,1,1,1,1
1,0,1,1,0,1,1,0,1
1,0,1,1,0,1,1,0,1
1,0,1,0,0,1,1,0,1
1,0,1,0,1,1,1,0,1
1,1,1,0,0,1,1,0,1
1,0,1,0,0,1,0,0,1
1,0,1,0,0,1,1,0,1
1,0,1,0,0,1,1,0,1
1,0,1,0,0,1,0,1,1
1,1,1,1,0,1,1,1,1
1,1,1,0,0,1,1,0,1
1,0,1,0,0,1,1,1,1
1,0,1,0,0,1,1,0,1
1,1,1,0,1,1,1,0,1
1,0,1,0,0,1,1,0,1
1,0,1,1,1,1,1,0,1
1,1,1,0,0,1,1,0,1
1,0,1,0,0,1,1,0,1
1,0,1,0,0,1,1,0,1
1,0,1,1,0,1,1,1,1
1,0,1,1,0,1,1,0,1
1,0,1,1,0,1,1,1,1
1,0,1,1,1,1,1,0,1
1,0,1,1,0,1,1,1,1
0,1,1,0,1,1,1,0,1
1,1,1,0,1,1,1,0,1
1,1,1,0,0,1,1,0,1
1,0,1,0,0,1,1,1,1
1,0,1,0,0,1,1,0,1
1,0,1,1,0,1,0,1,1
1,0,1,1,0,1,1,1,1
1,1,1,1,0,1,1,0,1
1,0,1,0,0,1,1,0,1
1,1,1,0,0,1,1,0,1
1,1,1,1,0,1,1,1,1
1,1,1,1,0,1,1,1,1
1,0,1,0,1,1,1,1,1
1,1,1,1,0,1,1,0,1
1,1,1,1,0,1,0,0,1
1,0,1,0,0,1,1,0,1
1,0,1,1,0,1,0,1,1
1,1,1,0,1,1,1,0,1
1,0,1,1,1,1,1,0,1
1,1,1,0,0,1,1,1,1
1,1,1,0,0,1,1,0,1
1,1,1,0,0,1,1,1,1
1,0,1,0,0,1,1,1,1
1,1,1,0,0,1,1,1,1
1,0,1,1,0,1,0,0,1
1,0,1,0,0,1,1,1,1
1,1,1,0,0,1,1,1,1
1,0,1,0,0,1,0,1,1
1,1,1,0,0,1,0,0,1
1,0,1,0,0,1,1,0,1
1,0,1,0,0,1,1,0,1
1,0,1,0,0,1,1,1,1
1,0,1,0,0,1,1,1,1
1,1,1,1,0,1,1,0,1
1,1,1,1,0,1,1,0,1
1,0,1,0,0,1,1,0,1
1,0,1,0,1,1,1,0,1
1,0,1,0,0,1,1,1,1
1,0,1,0,0,1,1,0,1
1,0,1,1,0,1,1,0,1
1,1,1,1,0,1,1,1,1
1,1,1,0,0,1,1,0,1
1,0,1,0,1,1,1,1,1
1,1,1,1,1,1,1,0,1
1,1,1,0,0,1,1,0,1
1,0,1,0,0,1,1,0,1
1,0,1,0,0,1,1,0,1
1,0,1,1,0,1,0,0,1
1,0,1,1,0,1,1,1,1
1,0,1,0,0,1,0,1,1
1,0,1,0,0,1,1,0,1
1,0,1,0,0,1,1,0,1
1,0,1,0,0,1,1,0,1
1,0,1,1,0,1,1,0,1
1,0,1,0,0,1,0,1,1
1,1,1,0,0,1,1,0,1
1,0,1,0,0,1,1,1,1
1,0,1,1,1,1,1,0,1
1,0,1,0,0,1,1,0,1
1,0,1,0,0,1,1,0,1
1,0,1,0,0,1,1,0,1
1,1,1,1,1,1,1,1,1
1,0,1,0,0,1,1,1,1
1,1,1,1,0,1,1,1,1
1,1,1,1,0,1,1,0,1
1,0,1,1,0,1,1,1,1
1,1,1,1,0,1,1,1,1
1,0,1,0,0,1,0,0,1
1,1,1,0,0,1,1,0,1
1,0,1,0,0,1,0,1,1
1,0,1,1,0,1,0,1,1
1,1,1,0,0,1,1,1,1
1,0,1,1,0,1,1,1,1
1,0,1,0,1,1,1,0,1
1,0,1,0,1,1,1,0,1
1,1,1,0,0,1,1,0,1
1,1,1,0,1,1,1,0,1
1,0,1,0,0,1,1,0,1
1,0,1,1,0,1,1,0,1
1,1,1,0,0,1,1,0,1
1,0,1,0,0,1,1,0,1
1,0,1,1,0,1,1,0,1
1,0,1,1,0,1,1,0,1
1,1,1,0,0,1,0,0,1
1,0,1,0,0,1,1,0,1
1,0,1,0,0,1,1,0,1
1,1,1,1,0,1,1,0,1
1,0,1,0,0,1,1,0,1
1,0,1,0,0,1,1,1,1
1,1,1,1,0,1,1,0,1
1,0,1,0,0,1,1,1,1
1,1,1,0,0,1,1,1,1
1,0,1,0,0,1,1,0,1
1,0,1,0,0,1,1,0,1
1,1,1,0,0,1,1,0,1
1,0,1,0,0,1,1,0,1
1,0,1,0,0,1,1,0,1
1,0,1,0,0,1,1,0,1
1,0,1,0,0,1,1,0,1
1,0,1,0,1,1,0,1,1
1,0,1,0,0,1,1,0,1
1,0,1,0,0,1,0,0,1
1,1,1,1,0,1,1,0,1
1,0,1,0,1,1,1,0,1
1,0,1,0,0,1,1,0,1
1,0,1,1,0,1,1,0,1
1,0,1,0,0,1,1,0,1
1,0,1,0,0,1,0,1,1
1,1,1,0,0,1,1,1,1
1,1,1,0,0,1,1,0,1
1,0,1,0,0,1,1,0,1
1,1,1,0,0,1,0,0,1
1,0,1,0,1,1,1,0,1
1,0,1,0,0,1,1,1,1
1,0,1,0,0,1,1,0,1
1,0,1,0,0,1,1,0,1
1,0,1,0,0,1,1,0,1
1,1,1,0,0,1,1,0,1
1,1,1,0,1,1,1,0,1
1,1,1,0,0,1,1,1,1
1,0,1,0,1,1,1,0,1
1,0,1,0,0,1,1,0,1
1,0,1,0,0,1,0,1,1
1,0,1,0,0,1,1,0,1
1,0,1,0,0,1,1,0,1
1,0,1,1,0,1,1,1,1
1,0,1,1,1,1,1,1,1
1,0,1,0,0,1,1,0,1
1,0,1,0,0,1,1,0,1
1,0,1,1,0,1,1,0,1
1,0,1,1,0,1,0,1,1
1,1,1,1,0,1,1,0,1
1,0,1,1,1,1,1,0,1
1,0,1,1,0,1,1,0,1
1,1,1,0,0,1,1,0,1
1,1,1,1,0,1,1,0,1
1,0,1,0,0,1,1,1,1
1,0,1,0,0,1,0,1,1
1,1,1,0,0,1,1,0,1
1,1,1,1,0,1,1,1,1
1,0,1,0,0,1,1,0,1
1,0,1,0,0,1,1,0,1
1,0,1,1,1,1,1,1,1
1,0,1,0,0,1,1,1,1
1,0,1,0,0,1,1,0,1
1,1,1,0,0,1,0,0,1
1,0,1,0,0,1,1,1,1
1,1,1,1,0,1,1,0,1
1,0,1,0,0,1,1,0,1
1,0,1,1,1,1,1,0,1
1,0,1,0,0,1,1,0,1
1,0,1,0,0,1,1,1,1
1,0,1,1,0,1,1,0,1
1,1,1,1,0,1,0,1,1
1,0,1,0,0,1,1,0,1
1,0,1,0,0,1,0,0,1
1,0,1,0,0,1,1,0,1
1,0,1,1,0,1,1,1,1
1,0,1,1,0,1,1,1,1
1,0,1,1,0,1,1,0,1
1,0,1,0,0,1,1,0,1
1,0,1,0,0,1,1,0,1
1,0,1,0,0,1,0,0,1
1,0,1,0,0,1,1,1,1
1,0,1,0,0,1,1,0,1
1,0,1,1,0,1,1,1,1
1,1,1,0,0,1,1,0,1
1,0,1,0,0,1,1,0,1
1,1,1,1,0,1,1,1,1
1,0,1,1,0,1,1,0,1
1,1,1,0,1,1,1,0,1
1,1,1,0,0,1,0,0,1
1,1,1,0,1,1,1,1,1
1,0,1,0,1,1,1,1,1
1,0,1,0,0,1,1,0,1
1,0,1,0,0,1,0,1,1
1,0,1,0,0,1,0,0,1
1,0,1,0,0,1,1,0,1
1,0,1,0,0,1,1,1,1
1,1,1,0,0,1,1,0,1
1,0,1,0,0,1,1,0,1
1,1,1,0,0,1,1,0,1
1,1,1,1,0,1,1,1,1
1,0,1,0,1,1,1,0,1
1,1,1,1,0,1,0,1,1
1,1,1,1,0,1,1,0,1
1,0,1,1,0,1,1,0,1
1,0,1,0,0,1,1,0,1
1,0,1,0,0,1,1,0,1
1,0,1,0,0,1,1,1,1
1,0,1,0,0,1,1,1,1
1,0,1,0,0,1,1,1,1
1,0,1,0,0,1,1,1,1
1,0,1,1,0,1,1,0,1
1,0,1,1,1,1,1,0,1
1,0,1,0,0,1,1,1,1
1,0,1,0,0,1,1,0,1
1,1,1,0,0,1,0,0,1
1,0,1,0,0,1,1,0,1
1,0,1,0,0,1,1,0,1
1,0,1,0,0,1,1,0,1
1,0,1,1,1,1,1,0,1
1,0,1,0,1,1,1,0,1
1,0,1,0,0,1,1,0,1
1,0,1,0,0,1,1,0,1
1,1,1,1,0,1,0,0,1
1,0,1,1,0,1,1,1,1
1,0,1,0,1,1,1,0,1
1,0,1,1,0,1,1,0,1
1,0,1,0,1,1,1,0,1
1,0,1,1,0,1,1,0,1
1,0,1,0,1,1,1,0,1
1,0,1,0,0,1,1,0,1
1,0,1,0,0,1,1,0,1
1,0,1,0,1,1,0,1,1
1,0,1,0,0,1,1,1,1
1,0,1,0,0,1,0,0,1
1,0,1,0,0,1,0,1,1
1,1,1,0,0,1,1,0,1
1,0,1,0,1,1,1,0,1
1,0,1,1,0,1,1,0,1
1,0,1,0,1,1,1,0,1
1,0,1,0,0,1,1,0,1
1,0,1,0,0,1,0,0,1
1,0,1,0,0,1,1,0,1
1,0,1,1,0,1,1,0,1
1,0,1,1,0,1,1,1,1
1,0,1,0,0,1,1,0,1
1,1,1,0,0,1,0,0,1
1,0,1,0,0,1,1,0,1
1,0,1,0,0,1,1,0,1
1,0,1,0,0,1,1,0,1
1,0,1,0,0,1,1,0,1
1,0,1,0,0,1,1,1,1
1,0,1,1,0,1,1,0,1
1,1,1,0,0,1,1,0,1
1,0,1,0,0,1,1,0,1
1,0,1,0,1,1,1,0,1
1,0,1,0,0,1,1,1,1
1,0,1,0,0,1,0,1,1
1,0,1,0,0,1,1,0,1
1,0,1,0,1,1,1,0,1
1,0,1,0,0,1,1,0,1
1,0,1,0,0,1,1,0,1
1,0,1,0,1,1,1,0,1
1,0,1,1,0,1,1,1,1
1,0,1,0,0,1,0,0,1
1,0,1,0,1,1,1,0,1
1,0,1,0,1,1,1,0,1
1,0,1,0,0,1,0,0,1
1,0,1,1,0,1,0,0,1
1,1,1,0,0,1,1,0,1
1,0,1,1,0,1,1,0,1
1,0,1,0,1,1,1,0,1
1,0,1,0,0,1,1,1,1
1,1,1,1,0,1,1,0,1
1,0,1,0,0,1,1,0,1
1,0,1,0,1,1,1,0,1
1,0,1,1,0,1,1,0,1
1,1,1,1,0,1,1,0,1
1,1,1,1,1,1,1,0,1
1,0,1,0,0,1,1,0,1
1,1,1,0,0,1,1,0,1
1,0,1,1,0,1,1,0,1
1,0,1,0,1,1,1,1,1
1,0,1,0,0,1,1,0,1
1,0,1,0,0,1,1,1,1
1,0,1,1,0,1,0,1,1
1,0,0,0,0,0,0,0,0
1,0,0,0,0,1,0,0,0
0,0,0,0,0,0,0,0,0
0,0,0,0,0,0,1,0,0
1,0,0,0,0,0,0,0,0
1,0,1,0,0,1,1,0,0
1,0,0,0,0,1,0,0,0
0,0,0,0,0,1,0,0,0
1,0,0,0,0,0,0,0,0
1,0,0,0,0,0,1,0,0
1,0,0,0,0,0,0,0,0
1,0,0,0,0,1,0,0,0
1,0,0,0,0,0,0,0,0
0,0,0,0,0,1,1,0,0
0,0,0,0,0,1,0,0,0
1,0,0,0,0,1,0,0,0
0,0,0,0,0,1,0,0,0
0,0,0,0,0,1,0,0,0
0,0,0,0,0,0,0,0,0
1,0,0,0,0,1,0,0,0
0,0,1,0,0,0,1,0,0
1,0,0,0,0,1,1,0,0
1,0,0,0,0,1,1,0,0
1,0,0,0,0,1,0,0,0
0,0,0,0,0,1,0,0,0
1,0,0,0,0,0,1,0,0
1,0,0,0,0,1,0,0,0
0,0,0,0,0,1,1,0,0
0,0,0,0,0,1,0,0,0
1,0,0,0,0,1,0,0,0
0,0,0,0,0,1,0,0,0
1,0,0,0,0,0,1,0,0
1,0,0,0,0,1,1,0,0
0,0,0,1,0,1,0,0,0
1,0,0,0,0,1,0,0,0
1,0,0,0,0,1,0,0,0
1,1,0,0,0,1,0,0,0
0,1,0,0,0,1,0,0,0
0,0,0,0,0,1,0,0,0
0,0,0,0,0,1,0,1,0
0,0,0,0,0,1,0,0,0
1,0,0,0,0,0,0,0,0
1,0,0,0,0,1,0,0,0
1,0,0,0,0,1,0,0,0
1,0,0,0,0,1,0,0,0
1,0,0,0,0,1,0,0,0
1,1,0,0,0,0,0,0,0
0,0,0,0,0,1,1,0,0
1,0,0,0,0,0,0,0,0
1,0,1,0,0,0,0,0,0
0,0,0,0,0,0,0,0,0
0,0,0,0,0,1,0,0,0
1,0,0,0,0,1,0,0,0
0,0,0,0,0,1,0,0,0
1,1,0,0,0,0,1,0,0
1,0,0,0,0,1,0,0,0
0,0,0,0,0,1,0,0,0
1,0,0,0,0,0,1,0,0
1,0,0,0,0,1,1,0,0
0,0,0,0,0,1,0,0,0
1,0,0,0,0,1,0,0,0
0,0,0,0,0,0,0,0,0
1,1,1,1,0,1,1,0,1
1,0,1,0,0,1,1,0,1
1,1,1,0,0,1,1,1,1
1,1,1,1,0,1,1,0,1
1,1,1,0,0,1,1,0,1
1,0,1,0,1,1,1,0,1
1,1,1,0,0,1,0,0,1
1,0,1,0,0,1,1,0,1
1,0,1,1,0,1,1,0,1
1,1,1,0,0,1,1,0,1
1,0,1,0,0,1,1,1,1
1,0,1,1,0,1,1,1,1
1,0,1,0,0,1,0,1,1
1,0,1,1,1,1,1,1,1
1,0,1,0,1,1,1,0,1
1,0,1,0,0,1,1,1,1
1,0,1,1,0,1,1,0,1
1,0,1,0,0,1,0,0,1
1,1,1,1,0,1,0,1,1
1,1,1,0,0,1,1,1,1
1,0,1,1,0,1,1,1,1
1,1,1,0,0,1,1,1,1
1,1,1,1,0,1,1,1,1
1,1,1,1,1,1,1,1,1
1,0,1,1,0,1,1,1,1
1,0,1,0,0,1,0,1,1
1,0,1,1,0,1,1,0,1
1,1,1,1,0,1,1,1,1
1,0,1,1,1,1,1,1,1
1,1,1,1,0,1,1,1,1
1,1,1,1,0,1,1,0,1
1,0,1,1,1,1,1,0,1
1,0,1,0,0,1,1,1,1
1,0,1,1,0,1,1,0,1
1,0,1,0,0,1,1,1,1
1,0,1,1,1,1,1,1,1
1,0,1,1,0,1,1,1,1
1,1,1,1,0,1,1,1,1
1,1,1,1,1,1,1,0,1
1,0,1,0,0,1,1,0,1
1,1,1,1,0,1,0,1,1
1,1,1,0,0,1,1,0,1
1,1,1,1,0,1,1,1,1
1,0,1,0,0,1,1,1,1
1,0,1,0,0,1,1,1,1
1,0,1,0,0,1,1,1,1
1,0,1,1,0,1,1,0,1
1,0,1,1,0,1,1,0,1
1,1,1,0,0,1,0,0,1
1,1,1,1,0,1,0,1,1
1,1,1,0,0,1,0,0,1
1,1,1,1,0,1,0,1,1
1,1,1,0,0,1,1,1,1
1,1,1,0,0,1,0,1,1
1,0,1,1,0,1,0,0,1
1,0,1,1,0,1,1,1,1
1,0,1,1,0,1,1,1,1
1,0,1,0,0,1,1,1,1
1,1,1,0,0,1,1,1,1
